TEAM_ABB,TEAM_NAME,YEAR,WINS,LOSSES,PO_WINS,PO_LOSSES,NBA_FINALS_APPEARANCE,CONF_RANK
ATL,Hawks,2000-01,25,57,0,0,N/A,13
ATL,Hawks,2001-02,33,49,0,0,N/A,12
ATL,Hawks,2002-03,35,47,0,0,N/A,11
ATL,Hawks,2003-04,28,54,0,0,N/A,12
ATL,Hawks,2004-05,13,69,0,0,N/A,15
ATL,Hawks,2005-06,26,56,0,0,N/A,14
ATL,Hawks,2006-07,30,52,0,0,N/A,13
ATL,Hawks,2007-08,37,45,3,4,N/A,8
ATL,Hawks,2008-09,47,35,4,7,N/A,4
ATL,Hawks,2009-10,53,29,4,7,N/A,3
ATL,Hawks,2010-11,44,38,6,6,N/A,5
ATL,Hawks,2011-12,40,26,2,4,N/A,5
ATL,Hawks,2012-13,44,38,2,4,N/A,6
ATL,Hawks,2013-14,38,44,3,4,N/A,8
ATL,Hawks,2014-15,60,22,8,8,N/A,1
ATL,Hawks,2015-16,48,34,4,6,N/A,4
ATL,Hawks,2016-17,43,39,2,4,N/A,5
ATL,Hawks,2017-18,24,58,0,0,N/A,15
ATL,Hawks,2018-19,29,53,0,0,N/A,12
ATL,Hawks,2019-20,20,47,0,0,N/A,14
ATL,Hawks,2020-21,41,31,10,8,N/A,5
ATL,Hawks,2021-22,43,39,1,4,N/A,9
ATL,Hawks,2022-23,41,41,2,4,N/A,8
ATL,Hawks,2023-24,36,46,0,0,N/A,10
ATL,Hawks,2024-25,40,42,0,0,N/A,8
ATL,Hawks,2025-26,15,12,0,0,N/A,9
BOS,Celtics,2000-01,36,46,0,0,N/A,9
BOS,Celtics,2001-02,49,33,9,7,N/A,3
BOS,Celtics,2002-03,44,38,4,6,N/A,6
BOS,Celtics,2003-04,36,46,0,4,N/A,8
BOS,Celtics,2004-05,45,37,3,4,N/A,4
BOS,Celtics,2005-06,33,49,0,0,N/A,11
BOS,Celtics,2006-07,24,58,0,0,N/A,15
BOS,Celtics,2007-08,66,16,16,10,LEAGUE CHAMPION,1
BOS,Celtics,2008-09,62,20,7,7,N/A,2
BOS,Celtics,2009-10,50,32,15,9,FINALS APPEARANCE,4
BOS,Celtics,2010-11,56,26,5,4,N/A,3
BOS,Celtics,2011-12,39,27,11,9,N/A,4
BOS,Celtics,2012-13,41,40,2,4,N/A,7
BOS,Celtics,2013-14,25,57,0,0,N/A,12
BOS,Celtics,2014-15,40,42,0,4,N/A,7
BOS,Celtics,2015-16,48,34,2,4,N/A,5
BOS,Celtics,2016-17,53,29,9,9,N/A,1
BOS,Celtics,2017-18,55,27,11,8,N/A,2
BOS,Celtics,2018-19,49,33,5,4,N/A,4
BOS,Celtics,2019-20,48,24,10,7,N/A,3
BOS,Celtics,2020-21,36,36,1,4,N/A,7
BOS,Celtics,2021-22,51,31,14,10,FINALS APPEARANCE,2
BOS,Celtics,2022-23,57,25,11,9,N/A,2
BOS,Celtics,2023-24,64,18,16,3,LEAGUE CHAMPION,1
BOS,Celtics,2024-25,61,21,6,5,N/A,2
BOS,Celtics,2025-26,15,10,0,0,N/A,3
CLE,Cavaliers,2000-01,30,52,0,0,N/A,11
CLE,Cavaliers,2001-02,29,53,0,0,N/A,14
CLE,Cavaliers,2002-03,17,65,0,0,N/A,15
CLE,Cavaliers,2003-04,35,47,0,0,N/A,9
CLE,Cavaliers,2004-05,42,40,0,0,N/A,9
CLE,Cavaliers,2005-06,50,32,7,6,N/A,3
CLE,Cavaliers,2006-07,50,32,12,8,FINALS APPEARANCE,2
CLE,Cavaliers,2007-08,45,37,7,6,N/A,4
CLE,Cavaliers,2008-09,66,16,10,4,N/A,1
CLE,Cavaliers,2009-10,61,21,6,5,N/A,1
CLE,Cavaliers,2010-11,19,63,0,0,N/A,15
CLE,Cavaliers,2011-12,21,45,0,0,N/A,13
CLE,Cavaliers,2012-13,24,58,0,0,N/A,13
CLE,Cavaliers,2013-14,33,49,0,0,N/A,10
CLE,Cavaliers,2014-15,53,29,14,6,FINALS APPEARANCE,2
CLE,Cavaliers,2015-16,57,25,16,5,LEAGUE CHAMPION,1
CLE,Cavaliers,2016-17,51,31,13,5,FINALS APPEARANCE,2
CLE,Cavaliers,2017-18,50,32,12,10,FINALS APPEARANCE,4
CLE,Cavaliers,2018-19,19,63,0,0,N/A,14
CLE,Cavaliers,2019-20,19,46,0,0,N/A,15
CLE,Cavaliers,2020-21,22,50,0,0,N/A,13
CLE,Cavaliers,2021-22,44,38,0,0,N/A,8
CLE,Cavaliers,2022-23,51,31,1,4,N/A,4
CLE,Cavaliers,2023-24,48,34,5,7,N/A,4
CLE,Cavaliers,2024-25,64,18,5,4,N/A,1
CLE,Cavaliers,2025-26,15,12,0,0,N/A,8
NOP,Hornets,2002-03,47,35,2,4,N/A,5
NOP,Hornets,2003-04,41,41,3,4,N/A,5
NOP,Hornets,2004-05,18,64,0,0,N/A,15
NOP,Hornets,2005-06,38,44,0,0,N/A,10
NOP,Hornets,2006-07,39,43,0,0,N/A,10
NOP,Hornets,2007-08,56,26,7,5,N/A,2
NOP,Hornets,2008-09,49,33,1,4,N/A,7
NOP,Hornets,2009-10,37,45,0,0,N/A,11
NOP,Hornets,2010-11,46,36,2,4,N/A,7
NOP,Hornets,2011-12,21,45,0,0,N/A,15
NOP,Hornets,2012-13,27,55,0,0,N/A,14
NOP,Pelicans,2013-14,34,48,0,0,N/A,12
NOP,Pelicans,2014-15,45,37,0,4,N/A,8
NOP,Pelicans,2015-16,30,52,0,0,N/A,12
NOP,Pelicans,2016-17,34,48,0,0,N/A,10
NOP,Pelicans,2017-18,48,34,5,4,N/A,6
NOP,Pelicans,2018-19,33,49,0,0,N/A,13
NOP,Pelicans,2019-20,30,42,0,0,N/A,13
NOP,Pelicans,2020-21,31,41,0,0,N/A,11
NOP,Pelicans,2021-22,36,46,2,4,N/A,9
NOP,Pelicans,2022-23,42,40,0,0,N/A,9
NOP,Pelicans,2023-24,49,33,0,4,N/A,7
NOP,Pelicans,2024-25,21,61,0,0,N/A,14
NOP,Pelicans,2025-26,5,22,0,0,N/A,15
CHI,Bulls,2000-01,15,67,0,0,N/A,15
CHI,Bulls,2001-02,21,61,0,0,N/A,15
CHI,Bulls,2002-03,30,52,0,0,N/A,12
CHI,Bulls,2003-04,23,59,0,0,N/A,14
CHI,Bulls,2004-05,47,35,2,4,N/A,3
CHI,Bulls,2005-06,41,41,2,4,N/A,7
CHI,Bulls,2006-07,49,33,6,4,N/A,5
CHI,Bulls,2007-08,33,49,0,0,N/A,11
CHI,Bulls,2008-09,41,41,3,4,N/A,7
CHI,Bulls,2009-10,41,41,1,4,N/A,8
CHI,Bulls,2010-11,62,20,9,7,N/A,1
CHI,Bulls,2011-12,50,16,2,4,N/A,1
CHI,Bulls,2012-13,45,37,5,7,N/A,5
CHI,Bulls,2013-14,48,34,1,4,N/A,4
CHI,Bulls,2014-15,50,32,6,6,N/A,3
CHI,Bulls,2015-16,42,40,0,0,N/A,9
CHI,Bulls,2016-17,41,41,2,4,N/A,8
CHI,Bulls,2017-18,27,55,0,0,N/A,13
CHI,Bulls,2018-19,22,60,0,0,N/A,13
CHI,Bulls,2019-20,22,43,0,0,N/A,11
CHI,Bulls,2020-21,31,41,0,0,N/A,11
CHI,Bulls,2021-22,46,36,1,4,N/A,6
CHI,Bulls,2022-23,40,42,0,0,N/A,10
CHI,Bulls,2023-24,39,43,0,0,N/A,9
CHI,Bulls,2024-25,39,43,0,0,N/A,9
CHI,Bulls,2025-26,10,15,0,0,N/A,11
DAL,Mavericks,2000-01,53,29,4,6,N/A,4
DAL,Mavericks,2001-02,57,25,4,4,N/A,4
DAL,Mavericks,2002-03,60,22,10,10,N/A,3
DAL,Mavericks,2003-04,52,30,1,4,N/A,5
DAL,Mavericks,2004-05,58,24,6,7,N/A,3
DAL,Mavericks,2005-06,60,22,14,9,FINALS APPEARANCE,2
DAL,Mavericks,2006-07,67,15,2,4,N/A,1
DAL,Mavericks,2007-08,51,31,1,4,N/A,7
DAL,Mavericks,2008-09,50,32,5,5,N/A,6
DAL,Mavericks,2009-10,55,27,2,4,N/A,2
DAL,Mavericks,2010-11,57,25,16,5,LEAGUE CHAMPION,3
DAL,Mavericks,2011-12,36,30,0,4,N/A,7
DAL,Mavericks,2012-13,41,41,0,0,N/A,10
DAL,Mavericks,2013-14,49,33,3,4,N/A,8
DAL,Mavericks,2014-15,50,32,1,4,N/A,7
DAL,Mavericks,2015-16,42,40,1,4,N/A,6
DAL,Mavericks,2016-17,33,49,0,0,N/A,11
DAL,Mavericks,2017-18,24,58,0,0,N/A,13
DAL,Mavericks,2018-19,33,49,0,0,N/A,14
DAL,Mavericks,2019-20,43,32,2,4,N/A,7
DAL,Mavericks,2020-21,42,30,3,4,N/A,5
DAL,Mavericks,2021-22,52,30,9,9,N/A,4
DAL,Mavericks,2022-23,38,44,0,0,N/A,11
DAL,Mavericks,2023-24,50,32,13,9,FINALS APPEARANCE,5
DAL,Mavericks,2024-25,39,43,0,0,N/A,10
DAL,Mavericks,2025-26,10,16,0,0,N/A,10
DEN,Nuggets,2000-01,40,42,0,0,N/A,11
DEN,Nuggets,2001-02,27,55,0,0,N/A,12
DEN,Nuggets,2002-03,17,65,0,0,N/A,14
DEN,Nuggets,2003-04,43,39,1,4,N/A,8
DEN,Nuggets,2004-05,49,33,1,4,N/A,7
DEN,Nuggets,2005-06,44,38,1,4,N/A,4
DEN,Nuggets,2006-07,45,37,1,4,N/A,6
DEN,Nuggets,2007-08,50,32,0,4,N/A,8
DEN,Nuggets,2008-09,54,28,10,6,N/A,2
DEN,Nuggets,2009-10,53,29,2,4,N/A,4
DEN,Nuggets,2010-11,50,32,1,4,N/A,5
DEN,Nuggets,2011-12,38,28,3,4,N/A,6
DEN,Nuggets,2012-13,57,25,2,4,N/A,3
DEN,Nuggets,2013-14,36,46,0,0,N/A,11
DEN,Nuggets,2014-15,30,52,0,0,N/A,12
DEN,Nuggets,2015-16,33,49,0,0,N/A,11
DEN,Nuggets,2016-17,40,42,0,0,N/A,9
DEN,Nuggets,2017-18,46,36,0,0,N/A,9
DEN,Nuggets,2018-19,54,28,7,7,N/A,2
DEN,Nuggets,2019-20,46,27,9,10,N/A,3
DEN,Nuggets,2020-21,47,25,4,6,N/A,3
DEN,Nuggets,2021-22,48,34,1,4,N/A,6
DEN,Nuggets,2022-23,53,29,16,4,LEAGUE CHAMPION,1
DEN,Nuggets,2023-24,57,25,7,5,N/A,2
DEN,Nuggets,2024-25,50,32,7,7,N/A,4
DEN,Nuggets,2025-26,18,6,0,0,N/A,2
GSW,Warriors,2000-01,17,65,0,0,N/A,14
GSW,Warriors,2001-02,21,61,0,0,N/A,14
GSW,Warriors,2002-03,38,44,0,0,N/A,11
GSW,Warriors,2003-04,37,45,0,0,N/A,11
GSW,Warriors,2004-05,34,48,0,0,N/A,12
GSW,Warriors,2005-06,34,48,0,0,N/A,13
GSW,Warriors,2006-07,42,40,5,6,N/A,8
GSW,Warriors,2007-08,48,34,0,0,N/A,9
GSW,Warriors,2008-09,29,53,0,0,N/A,10
GSW,Warriors,2009-10,26,56,0,0,N/A,13
GSW,Warriors,2010-11,36,46,0,0,N/A,12
GSW,Warriors,2011-12,23,43,0,0,N/A,13
GSW,Warriors,2012-13,47,35,6,6,N/A,6
GSW,Warriors,2013-14,51,31,3,4,N/A,6
GSW,Warriors,2014-15,67,15,16,5,LEAGUE CHAMPION,1
GSW,Warriors,2015-16,73,9,15,9,FINALS APPEARANCE,1
GSW,Warriors,2016-17,67,15,16,1,LEAGUE CHAMPION,1
GSW,Warriors,2017-18,58,24,16,5,LEAGUE CHAMPION,2
GSW,Warriors,2018-19,57,25,14,8,FINALS APPEARANCE,1
GSW,Warriors,2019-20,15,50,0,0,N/A,15
GSW,Warriors,2020-21,39,33,0,0,N/A,9
GSW,Warriors,2021-22,53,29,16,6,LEAGUE CHAMPION,3
GSW,Warriors,2022-23,44,38,6,7,N/A,6
GSW,Warriors,2023-24,46,36,0,0,N/A,10
GSW,Warriors,2024-25,48,34,5,7,N/A,7
GSW,Warriors,2025-26,13,14,0,0,N/A,8
HOU,Rockets,2000-01,45,37,0,0,N/A,9
HOU,Rockets,2001-02,28,54,0,0,N/A,11
HOU,Rockets,2002-03,43,39,0,0,N/A,9
HOU,Rockets,2003-04,45,37,1,4,N/A,7
HOU,Rockets,2004-05,51,31,3,4,N/A,5
HOU,Rockets,2005-06,34,48,0,0,N/A,12
HOU,Rockets,2006-07,52,30,3,4,N/A,5
HOU,Rockets,2007-08,55,27,2,4,N/A,5
HOU,Rockets,2008-09,53,29,7,6,N/A,5
HOU,Rockets,2009-10,42,40,0,0,N/A,9
HOU,Rockets,2010-11,43,39,0,0,N/A,9
HOU,Rockets,2011-12,34,32,0,0,N/A,9
HOU,Rockets,2012-13,45,37,2,4,N/A,8
HOU,Rockets,2013-14,54,28,2,4,N/A,4
HOU,Rockets,2014-15,56,26,9,8,N/A,2
HOU,Rockets,2015-16,41,41,1,4,N/A,8
HOU,Rockets,2016-17,55,27,6,5,N/A,3
HOU,Rockets,2017-18,65,17,11,6,N/A,1
HOU,Rockets,2018-19,53,29,6,5,N/A,4
HOU,Rockets,2019-20,44,28,5,7,N/A,4
HOU,Rockets,2020-21,17,55,0,0,N/A,15
HOU,Rockets,2021-22,20,62,0,0,N/A,15
HOU,Rockets,2022-23,22,60,0,0,N/A,14
HOU,Rockets,2023-24,41,41,0,0,N/A,11
HOU,Rockets,2024-25,52,30,3,4,N/A,2
HOU,Rockets,2025-26,16,6,0,0,N/A,3
LAC,Clippers,2000-01,31,51,0,0,N/A,12
LAC,Clippers,2001-02,39,43,0,0,N/A,9
LAC,Clippers,2002-03,27,55,0,0,N/A,13
LAC,Clippers,2003-04,28,54,0,0,N/A,14
LAC,Clippers,2004-05,37,45,0,0,N/A,10
LAC,Clippers,2005-06,47,35,7,5,N/A,6
LAC,Clippers,2006-07,40,42,0,0,N/A,9
LAC,Clippers,2007-08,23,59,0,0,N/A,12
LAC,Clippers,2008-09,19,63,0,0,N/A,14
LAC,Clippers,2009-10,29,53,0,0,N/A,12
LAC,Clippers,2010-11,32,50,0,0,N/A,13
LAC,Clippers,2011-12,40,26,4,7,N/A,5
LAC,Clippers,2012-13,56,26,2,4,N/A,4
LAC,Clippers,2013-14,57,25,6,7,N/A,3
LAC,Clippers,2014-15,56,26,7,7,N/A,3
LAC,Clippers,2015-16,53,29,2,4,N/A,4
LAC,Clippers,2016-17,51,31,3,4,N/A,4
LAC,Clippers,2017-18,42,40,0,0,N/A,10
LAC,Clippers,2018-19,48,34,2,4,N/A,8
LAC,Clippers,2019-20,49,23,7,6,N/A,2
LAC,Clippers,2020-21,47,25,10,9,N/A,4
LAC,Clippers,2021-22,42,40,0,0,N/A,8
LAC,Clippers,2022-23,44,38,1,4,N/A,5
LAC,Clippers,2023-24,51,31,2,4,N/A,4
LAC,Clippers,2024-25,50,32,3,4,N/A,5
LAC,Clippers,2025-26,6,19,0,0,N/A,13
LAL,Lakers,2000-01,56,26,15,1,LEAGUE CHAMPION,2
LAL,Lakers,2001-02,58,24,15,4,LEAGUE CHAMPION,3
LAL,Lakers,2002-03,50,32,6,6,N/A,5
LAL,Lakers,2003-04,56,26,13,9,FINALS APPEARANCE,2
LAL,Lakers,2004-05,34,48,0,0,N/A,11
LAL,Lakers,2005-06,45,37,3,4,N/A,7
LAL,Lakers,2006-07,42,40,1,4,N/A,7
LAL,Lakers,2007-08,57,25,14,7,FINALS APPEARANCE,1
LAL,Lakers,2008-09,65,17,16,7,LEAGUE CHAMPION,1
LAL,Lakers,2009-10,57,25,16,7,LEAGUE CHAMPION,1
LAL,Lakers,2010-11,57,25,4,6,N/A,2
LAL,Lakers,2011-12,41,25,5,7,N/A,3
LAL,Lakers,2012-13,45,37,0,4,N/A,7
LAL,Lakers,2013-14,27,55,0,0,N/A,14
LAL,Lakers,2014-15,21,61,0,0,N/A,14
LAL,Lakers,2015-16,17,65,0,0,N/A,15
LAL,Lakers,2016-17,26,56,0,0,N/A,14
LAL,Lakers,2017-18,35,47,0,0,N/A,11
LAL,Lakers,2018-19,37,45,0,0,N/A,10
LAL,Lakers,2019-20,52,19,16,5,LEAGUE CHAMPION,1
LAL,Lakers,2020-21,42,30,2,4,N/A,7
LAL,Lakers,2021-22,33,49,0,0,N/A,11
LAL,Lakers,2022-23,43,39,8,8,N/A,7
LAL,Lakers,2023-24,47,35,1,4,N/A,8
LAL,Lakers,2024-25,50,32,1,4,N/A,3
LAL,Lakers,2025-26,18,7,0,0,N/A,4
MIA,Heat,2000-01,50,32,0,3,N/A,3
MIA,Heat,2001-02,36,46,0,0,N/A,11
MIA,Heat,2002-03,25,57,0,0,N/A,13
MIA,Heat,2003-04,42,40,6,7,N/A,4
MIA,Heat,2004-05,59,23,11,4,N/A,1
MIA,Heat,2005-06,52,30,16,7,LEAGUE CHAMPION,2
MIA,Heat,2006-07,44,38,0,4,N/A,4
MIA,Heat,2007-08,15,67,0,0,N/A,15
MIA,Heat,2008-09,43,39,3,4,N/A,5
MIA,Heat,2009-10,47,35,1,4,N/A,5
MIA,Heat,2010-11,58,24,14,7,FINALS APPEARANCE,2
MIA,Heat,2011-12,46,20,16,7,LEAGUE CHAMPION,2
MIA,Heat,2012-13,66,16,16,7,LEAGUE CHAMPION,1
MIA,Heat,2013-14,54,28,13,7,FINALS APPEARANCE,2
MIA,Heat,2014-15,37,45,0,0,N/A,10
MIA,Heat,2015-16,48,34,7,7,N/A,3
MIA,Heat,2016-17,41,41,0,0,N/A,9
MIA,Heat,2017-18,44,38,1,4,N/A,6
MIA,Heat,2018-19,39,43,0,0,N/A,10
MIA,Heat,2019-20,44,29,14,7,FINALS APPEARANCE,5
MIA,Heat,2020-21,40,32,0,4,N/A,6
MIA,Heat,2021-22,53,29,11,7,N/A,1
MIA,Heat,2022-23,44,38,13,10,FINALS APPEARANCE,7
MIA,Heat,2023-24,46,36,1,4,N/A,8
MIA,Heat,2024-25,37,45,0,4,N/A,10
MIA,Heat,2025-26,14,11,0,0,N/A,6
MIL,Bucks,2000-01,52,30,10,8,N/A,2
MIL,Bucks,2001-02,41,41,0,0,N/A,9
MIL,Bucks,2002-03,42,40,2,4,N/A,7
MIL,Bucks,2003-04,41,41,1,4,N/A,6
MIL,Bucks,2004-05,30,52,0,0,N/A,13
MIL,Bucks,2005-06,40,42,1,4,N/A,8
MIL,Bucks,2006-07,28,54,0,0,N/A,14
MIL,Bucks,2007-08,26,56,0,0,N/A,13
MIL,Bucks,2008-09,34,48,0,0,N/A,12
MIL,Bucks,2009-10,46,36,3,4,N/A,6
MIL,Bucks,2010-11,35,47,0,0,N/A,9
MIL,Bucks,2011-12,31,35,0,0,N/A,9
MIL,Bucks,2012-13,38,44,0,4,N/A,8
MIL,Bucks,2013-14,15,67,0,0,N/A,15
MIL,Bucks,2014-15,41,41,2,4,N/A,6
MIL,Bucks,2015-16,33,49,0,0,N/A,12
MIL,Bucks,2016-17,42,40,2,4,N/A,6
MIL,Bucks,2017-18,44,38,3,4,N/A,7
MIL,Bucks,2018-19,60,22,10,5,N/A,1
MIL,Bucks,2019-20,56,17,5,5,N/A,1
MIL,Bucks,2020-21,46,26,16,7,LEAGUE CHAMPION,3
MIL,Bucks,2021-22,51,31,7,5,N/A,3
MIL,Bucks,2022-23,58,24,1,4,N/A,1
MIL,Bucks,2023-24,49,33,2,4,N/A,3
MIL,Bucks,2024-25,48,34,1,4,N/A,5
MIL,Bucks,2025-26,11,16,0,0,N/A,10
MIN,Timberwolves,2000-01,47,35,1,3,N/A,8
MIN,Timberwolves,2001-02,50,32,0,3,N/A,5
MIN,Timberwolves,2002-03,51,31,2,4,N/A,4
MIN,Timberwolves,2003-04,58,24,10,8,N/A,1
MIN,Timberwolves,2004-05,44,38,0,0,N/A,9
MIN,Timberwolves,2005-06,33,49,0,0,N/A,14
MIN,Timberwolves,2006-07,32,50,0,0,N/A,13
MIN,Timberwolves,2007-08,22,60,0,0,N/A,13
MIN,Timberwolves,2008-09,24,58,0,0,N/A,11
MIN,Timberwolves,2009-10,15,67,0,0,N/A,15
MIN,Timberwolves,2010-11,17,65,0,0,N/A,15
MIN,Timberwolves,2011-12,26,40,0,0,N/A,12
MIN,Timberwolves,2012-13,31,51,0,0,N/A,12
MIN,Timberwolves,2013-14,40,42,0,0,N/A,10
MIN,Timberwolves,2014-15,16,66,0,0,N/A,15
MIN,Timberwolves,2015-16,29,53,0,0,N/A,13
MIN,Timberwolves,2016-17,31,51,0,0,N/A,13
MIN,Timberwolves,2017-18,47,35,1,4,N/A,8
MIN,Timberwolves,2018-19,36,46,0,0,N/A,11
MIN,Timberwolves,2019-20,19,45,0,0,N/A,14
MIN,Timberwolves,2020-21,23,49,0,0,N/A,13
MIN,Timberwolves,2021-22,46,36,2,4,N/A,7
MIN,Timberwolves,2022-23,42,40,1,4,N/A,8
MIN,Timberwolves,2023-24,56,26,9,7,N/A,3
MIN,Timberwolves,2024-25,49,33,9,6,N/A,6
MIN,Timberwolves,2025-26,17,9,0,0,N/A,6
BKN,Nets,2000-01,26,56,0,0,N/A,12
BKN,Nets,2001-02,52,30,11,9,FINALS APPEARANCE,1
BKN,Nets,2002-03,49,33,14,6,FINALS APPEARANCE,2
BKN,Nets,2003-04,47,35,7,4,N/A,2
BKN,Nets,2004-05,42,40,0,4,N/A,8
BKN,Nets,2005-06,49,33,5,6,N/A,4
BKN,Nets,2006-07,41,41,6,6,N/A,6
BKN,Nets,2007-08,34,48,0,0,N/A,10
BKN,Nets,2008-09,34,48,0,0,N/A,11
BKN,Nets,2009-10,12,70,0,0,N/A,15
BKN,Nets,2010-11,24,58,0,0,N/A,12
BKN,Nets,2011-12,22,44,0,0,N/A,12
BKN,Nets,2012-13,49,33,3,4,N/A,4
BKN,Nets,2013-14,44,38,5,7,N/A,6
BKN,Nets,2014-15,38,44,2,4,N/A,8
BKN,Nets,2015-16,21,61,0,0,N/A,14
BKN,Nets,2016-17,20,62,0,0,N/A,15
BKN,Nets,2017-18,28,54,0,0,N/A,12
BKN,Nets,2018-19,42,40,1,4,N/A,6
BKN,Nets,2019-20,35,37,0,4,N/A,7
BKN,Nets,2020-21,48,24,7,5,N/A,2
BKN,Nets,2021-22,44,38,0,4,N/A,7
BKN,Nets,2022-23,45,37,0,4,N/A,6
BKN,Nets,2023-24,32,50,0,0,N/A,11
BKN,Nets,2024-25,26,56,0,0,N/A,12
BKN,Nets,2025-26,7,18,0,0,N/A,13
NYK,Knicks,2000-01,48,34,2,3,N/A,4
NYK,Knicks,2001-02,30,52,0,0,N/A,13
NYK,Knicks,2002-03,37,45,0,0,N/A,10
NYK,Knicks,2003-04,39,43,0,4,N/A,7
NYK,Knicks,2004-05,33,49,0,0,N/A,12
NYK,Knicks,2005-06,23,59,0,0,N/A,15
NYK,Knicks,2006-07,33,49,0,0,N/A,12
NYK,Knicks,2007-08,23,59,0,0,N/A,14
NYK,Knicks,2008-09,32,50,0,0,N/A,14
NYK,Knicks,2009-10,29,53,0,0,N/A,11
NYK,Knicks,2010-11,42,40,0,4,N/A,6
NYK,Knicks,2011-12,36,30,1,4,N/A,7
NYK,Knicks,2012-13,54,28,6,6,N/A,2
NYK,Knicks,2013-14,37,45,0,0,N/A,9
NYK,Knicks,2014-15,17,65,0,0,N/A,15
NYK,Knicks,2015-16,32,50,0,0,N/A,13
NYK,Knicks,2016-17,31,51,0,0,N/A,12
NYK,Knicks,2017-18,29,53,0,0,N/A,11
NYK,Knicks,2018-19,17,65,0,0,N/A,15
NYK,Knicks,2019-20,21,45,0,0,N/A,12
NYK,Knicks,2020-21,41,31,1,4,N/A,4
NYK,Knicks,2021-22,37,45,0,0,N/A,11
NYK,Knicks,2022-23,47,35,6,5,N/A,5
NYK,Knicks,2023-24,50,32,7,6,N/A,2
NYK,Knicks,2024-25,51,31,10,8,N/A,3
NYK,Knicks,2025-26,18,7,0,0,N/A,2
ORL,Magic,2000-01,43,39,1,3,N/A,7
ORL,Magic,2001-02,44,38,1,3,N/A,5
ORL,Magic,2002-03,42,40,3,4,N/A,8
ORL,Magic,2003-04,21,61,0,0,N/A,15
ORL,Magic,2004-05,36,46,0,0,N/A,10
ORL,Magic,2005-06,36,46,0,0,N/A,10
ORL,Magic,2006-07,40,42,0,4,N/A,8
ORL,Magic,2007-08,52,30,5,5,N/A,3
ORL,Magic,2008-09,59,23,13,11,FINALS APPEARANCE,3
ORL,Magic,2009-10,59,23,10,4,N/A,2
ORL,Magic,2010-11,52,30,2,4,N/A,4
ORL,Magic,2011-12,37,29,1,4,N/A,6
ORL,Magic,2012-13,20,62,0,0,N/A,15
ORL,Magic,2013-14,23,59,0,0,N/A,13
ORL,Magic,2014-15,25,57,0,0,N/A,13
ORL,Magic,2015-16,35,47,0,0,N/A,11
ORL,Magic,2016-17,29,53,0,0,N/A,13
ORL,Magic,2017-18,25,57,0,0,N/A,14
ORL,Magic,2018-19,42,40,1,4,N/A,7
ORL,Magic,2019-20,33,40,1,4,N/A,8
ORL,Magic,2020-21,21,51,0,0,N/A,14
ORL,Magic,2021-22,22,60,0,0,N/A,15
ORL,Magic,2022-23,34,48,0,0,N/A,13
ORL,Magic,2023-24,47,35,3,4,N/A,5
ORL,Magic,2024-25,41,41,1,4,N/A,7
ORL,Magic,2025-26,15,11,0,0,N/A,4
IND,Pacers,2000-01,41,41,1,3,N/A,8
IND,Pacers,2001-02,42,40,2,3,N/A,8
IND,Pacers,2002-03,48,34,2,4,N/A,3
IND,Pacers,2003-04,61,21,10,6,N/A,1
IND,Pacers,2004-05,44,38,6,7,N/A,6
IND,Pacers,2005-06,41,41,2,4,N/A,6
IND,Pacers,2006-07,35,47,0,0,N/A,9
IND,Pacers,2007-08,36,46,0,0,N/A,9
IND,Pacers,2008-09,36,46,0,0,N/A,9
IND,Pacers,2009-10,32,50,0,0,N/A,10
IND,Pacers,2010-11,37,45,1,4,N/A,8
IND,Pacers,2011-12,42,24,6,5,N/A,3
IND,Pacers,2012-13,49,32,11,8,N/A,3
IND,Pacers,2013-14,56,26,10,9,N/A,1
IND,Pacers,2014-15,38,44,0,0,N/A,9
IND,Pacers,2015-16,45,37,3,4,N/A,7
IND,Pacers,2016-17,42,40,0,4,N/A,7
IND,Pacers,2017-18,48,34,3,4,N/A,5
IND,Pacers,2018-19,48,34,0,4,N/A,5
IND,Pacers,2019-20,45,28,0,4,N/A,4
IND,Pacers,2020-21,34,38,0,0,N/A,9
IND,Pacers,2021-22,25,57,0,0,N/A,13
IND,Pacers,2022-23,35,47,0,0,N/A,11
IND,Pacers,2023-24,47,35,8,9,N/A,6
IND,Pacers,2024-25,50,32,15,8,FINALS APPEARANCE,4
IND,Pacers,2025-26,6,20,0,0,N/A,14
PHI,76ers,2000-01,56,26,12,11,FINALS APPEARANCE,1
PHI,76ers,2001-02,43,39,2,3,N/A,6
PHI,76ers,2002-03,48,34,6,6,N/A,4
PHI,76ers,2003-04,33,49,0,0,N/A,11
PHI,76ers,2004-05,43,39,1,4,N/A,7
PHI,76ers,2005-06,38,44,0,0,N/A,9
PHI,76ers,2006-07,35,47,0,0,N/A,10
PHI,76ers,2007-08,40,42,2,4,N/A,7
PHI,76ers,2008-09,41,41,2,4,N/A,6
PHI,76ers,2009-10,27,55,0,0,N/A,13
PHI,76ers,2010-11,41,41,1,4,N/A,7
PHI,76ers,2011-12,35,31,7,6,N/A,8
PHI,76ers,2012-13,34,48,0,0,N/A,9
PHI,76ers,2013-14,19,63,0,0,N/A,14
PHI,76ers,2014-15,18,64,0,0,N/A,14
PHI,76ers,2015-16,10,72,0,0,N/A,15
PHI,76ers,2016-17,28,54,0,0,N/A,14
PHI,76ers,2017-18,52,30,5,5,N/A,3
PHI,76ers,2018-19,51,31,7,5,N/A,3
PHI,76ers,2019-20,43,30,0,4,N/A,6
PHI,76ers,2020-21,49,23,7,5,N/A,1
PHI,76ers,2021-22,51,31,6,6,N/A,4
PHI,76ers,2022-23,54,28,7,4,N/A,3
PHI,76ers,2023-24,47,35,2,4,N/A,7
PHI,76ers,2024-25,24,58,0,0,N/A,13
PHI,76ers,2025-26,14,11,0,0,N/A,7
PHX,Suns,2000-01,51,31,1,3,N/A,6
PHX,Suns,2001-02,36,46,0,0,N/A,10
PHX,Suns,2002-03,44,38,2,4,N/A,8
PHX,Suns,2003-04,29,53,0,0,N/A,13
PHX,Suns,2004-05,62,20,9,6,N/A,1
PHX,Suns,2005-06,54,28,10,10,N/A,3
PHX,Suns,2006-07,61,21,6,5,N/A,2
PHX,Suns,2007-08,55,27,1,4,N/A,6
PHX,Suns,2008-09,46,36,0,0,N/A,9
PHX,Suns,2009-10,54,28,10,6,N/A,3
PHX,Suns,2010-11,40,42,0,0,N/A,10
PHX,Suns,2011-12,33,33,0,0,N/A,10
PHX,Suns,2012-13,25,57,0,0,N/A,15
PHX,Suns,2013-14,48,34,0,0,N/A,9
PHX,Suns,2014-15,39,43,0,0,N/A,10
PHX,Suns,2015-16,23,59,0,0,N/A,14
PHX,Suns,2016-17,24,58,0,0,N/A,15
PHX,Suns,2017-18,21,61,0,0,N/A,15
PHX,Suns,2018-19,19,63,0,0,N/A,15
PHX,Suns,2019-20,34,39,0,0,N/A,10
PHX,Suns,2020-21,51,21,14,8,FINALS APPEARANCE,2
PHX,Suns,2021-22,64,18,7,6,N/A,1
PHX,Suns,2022-23,45,37,6,5,N/A,4
PHX,Suns,2023-24,49,33,0,4,N/A,6
PHX,Suns,2024-25,36,46,0,0,N/A,11
PHX,Suns,2025-26,14,12,0,0,N/A,7
POR,Trail Blazers,2000-01,50,32,0,3,N/A,7
POR,Trail Blazers,2001-02,49,33,0,3,N/A,6
POR,Trail Blazers,2002-03,50,32,3,4,N/A,6
POR,Trail Blazers,2003-04,41,41,0,0,N/A,10
POR,Trail Blazers,2004-05,27,55,0,0,N/A,13
POR,Trail Blazers,2005-06,21,61,0,0,N/A,15
POR,Trail Blazers,2006-07,32,50,0,0,N/A,12
POR,Trail Blazers,2007-08,41,41,0,0,N/A,10
POR,Trail Blazers,2008-09,54,28,2,4,N/A,4
POR,Trail Blazers,2009-10,50,32,2,4,N/A,6
POR,Trail Blazers,2010-11,48,34,2,4,N/A,6
POR,Trail Blazers,2011-12,28,38,0,0,N/A,11
POR,Trail Blazers,2012-13,33,49,0,0,N/A,11
POR,Trail Blazers,2013-14,54,28,5,6,N/A,5
POR,Trail Blazers,2014-15,51,31,1,4,N/A,4
POR,Trail Blazers,2015-16,44,38,5,6,N/A,5
POR,Trail Blazers,2016-17,41,41,0,4,N/A,8
POR,Trail Blazers,2017-18,49,33,0,4,N/A,3
POR,Trail Blazers,2018-19,53,29,8,8,N/A,3
POR,Trail Blazers,2019-20,35,39,1,4,N/A,8
POR,Trail Blazers,2020-21,42,30,2,4,N/A,6
POR,Trail Blazers,2021-22,27,55,0,0,N/A,13
POR,Trail Blazers,2022-23,33,49,0,0,N/A,13
POR,Trail Blazers,2023-24,21,61,0,0,N/A,15
POR,Trail Blazers,2024-25,36,46,0,0,N/A,12
POR,Trail Blazers,2025-26,10,16,0,0,N/A,11
SAC,Kings,2000-01,55,27,3,5,N/A,3
SAC,Kings,2001-02,61,21,10,6,N/A,1
SAC,Kings,2002-03,59,23,7,5,N/A,2
SAC,Kings,2003-04,55,27,7,5,N/A,4
SAC,Kings,2004-05,50,32,1,4,N/A,6
SAC,Kings,2005-06,44,38,2,4,N/A,8
SAC,Kings,2006-07,33,49,0,0,N/A,11
SAC,Kings,2007-08,38,44,0,0,N/A,11
SAC,Kings,2008-09,17,65,0,0,N/A,15
SAC,Kings,2009-10,25,57,0,0,N/A,14
SAC,Kings,2010-11,24,58,0,0,N/A,14
SAC,Kings,2011-12,22,44,0,0,N/A,14
SAC,Kings,2012-13,28,54,0,0,N/A,13
SAC,Kings,2013-14,28,54,0,0,N/A,13
SAC,Kings,2014-15,29,53,0,0,N/A,13
SAC,Kings,2015-16,33,49,0,0,N/A,10
SAC,Kings,2016-17,32,50,0,0,N/A,12
SAC,Kings,2017-18,27,55,0,0,N/A,12
SAC,Kings,2018-19,39,43,0,0,N/A,9
SAC,Kings,2019-20,31,41,0,0,N/A,12
SAC,Kings,2020-21,31,41,0,0,N/A,12
SAC,Kings,2021-22,30,52,0,0,N/A,12
SAC,Kings,2022-23,48,34,3,4,N/A,3
SAC,Kings,2023-24,46,36,0,0,N/A,9
SAC,Kings,2024-25,40,42,0,0,N/A,9
SAC,Kings,2025-26,6,20,0,0,N/A,14
SAS,Spurs,2000-01,58,24,7,6,N/A,1
SAS,Spurs,2001-02,58,24,4,6,N/A,2
SAS,Spurs,2002-03,60,22,16,8,LEAGUE CHAMPION,1
SAS,Spurs,2003-04,57,25,6,4,N/A,3
SAS,Spurs,2004-05,59,23,16,7,LEAGUE CHAMPION,2
SAS,Spurs,2005-06,63,19,7,6,N/A,1
SAS,Spurs,2006-07,58,24,16,4,LEAGUE CHAMPION,3
SAS,Spurs,2007-08,56,26,9,8,N/A,3
SAS,Spurs,2008-09,54,28,1,4,N/A,3
SAS,Spurs,2009-10,50,32,4,6,N/A,7
SAS,Spurs,2010-11,61,21,2,4,N/A,1
SAS,Spurs,2011-12,50,16,10,4,N/A,1
SAS,Spurs,2012-13,58,24,15,6,FINALS APPEARANCE,2
SAS,Spurs,2013-14,62,20,16,7,LEAGUE CHAMPION,1
SAS,Spurs,2014-15,55,27,3,4,N/A,6
SAS,Spurs,2015-16,67,15,6,4,N/A,2
SAS,Spurs,2016-17,61,21,8,8,N/A,2
SAS,Spurs,2017-18,47,35,1,4,N/A,7
SAS,Spurs,2018-19,48,34,3,4,N/A,7
SAS,Spurs,2019-20,32,39,0,0,N/A,11
SAS,Spurs,2020-21,33,39,0,0,N/A,10
SAS,Spurs,2021-22,34,48,0,0,N/A,10
SAS,Spurs,2022-23,22,60,0,0,N/A,15
SAS,Spurs,2023-24,22,60,0,0,N/A,14
SAS,Spurs,2024-25,34,48,0,0,N/A,13
SAS,Spurs,2025-26,18,7,0,0,N/A,5
OKC,SuperSonics,2000-01,44,38,0,0,N/A,10
OKC,SuperSonics,2001-02,45,37,2,3,N/A,7
OKC,SuperSonics,2002-03,40,42,0,0,N/A,10
OKC,SuperSonics,2003-04,37,45,0,0,N/A,12
OKC,SuperSonics,2004-05,52,30,6,5,N/A,4
OKC,SuperSonics,2005-06,35,47,0,0,N/A,11
OKC,SuperSonics,2006-07,31,51,0,0,N/A,14
OKC,SuperSonics,2007-08,20,62,0,0,N/A,15
OKC,Thunder,2008-09,23,59,0,0,N/A,13
OKC,Thunder,2009-10,50,32,2,4,N/A,8
OKC,Thunder,2010-11,55,27,9,8,N/A,4
OKC,Thunder,2011-12,47,19,13,7,FINALS APPEARANCE,2
OKC,Thunder,2012-13,60,22,5,6,N/A,1
OKC,Thunder,2013-14,59,23,10,9,N/A,2
OKC,Thunder,2014-15,45,37,0,0,N/A,9
OKC,Thunder,2015-16,55,27,11,7,N/A,3
OKC,Thunder,2016-17,47,35,1,4,N/A,6
OKC,Thunder,2017-18,48,34,2,4,N/A,4
OKC,Thunder,2018-19,49,33,1,4,N/A,6
OKC,Thunder,2019-20,44,28,3,4,N/A,5
OKC,Thunder,2020-21,22,50,0,0,N/A,14
OKC,Thunder,2021-22,24,58,0,0,N/A,14
OKC,Thunder,2022-23,40,42,0,0,N/A,10
OKC,Thunder,2023-24,57,25,6,4,N/A,1
OKC,Thunder,2024-25,68,14,16,7,LEAGUE CHAMPION,1
OKC,Thunder,2025-26,24,2,0,0,N/A,1
TOR,Raptors,2000-01,47,35,6,6,N/A,5
TOR,Raptors,2001-02,42,40,2,3,N/A,7
TOR,Raptors,2002-03,24,58,0,0,N/A,14
TOR,Raptors,2003-04,33,49,0,0,N/A,10
TOR,Raptors,2004-05,33,49,0,0,N/A,11
TOR,Raptors,2005-06,27,55,0,0,N/A,12
TOR,Raptors,2006-07,47,35,2,4,N/A,3
TOR,Raptors,2007-08,41,41,1,4,N/A,6
TOR,Raptors,2008-09,33,49,0,0,N/A,13
TOR,Raptors,2009-10,40,42,0,0,N/A,9
TOR,Raptors,2010-11,22,60,0,0,N/A,14
TOR,Raptors,2011-12,23,43,0,0,N/A,11
TOR,Raptors,2012-13,34,48,0,0,N/A,10
TOR,Raptors,2013-14,48,34,3,4,N/A,3
TOR,Raptors,2014-15,49,33,0,4,N/A,4
TOR,Raptors,2015-16,56,26,10,10,N/A,2
TOR,Raptors,2016-17,51,31,4,6,N/A,3
TOR,Raptors,2017-18,59,23,4,6,N/A,1
TOR,Raptors,2018-19,58,24,16,8,LEAGUE CHAMPION,2
TOR,Raptors,2019-20,53,19,7,4,N/A,2
TOR,Raptors,2020-21,27,45,0,0,N/A,12
TOR,Raptors,2021-22,48,34,2,4,N/A,5
TOR,Raptors,2022-23,41,41,0,0,N/A,9
TOR,Raptors,2023-24,25,57,0,0,N/A,12
TOR,Raptors,2024-25,30,52,0,0,N/A,11
TOR,Raptors,2025-26,15,11,0,0,N/A,5
UTA,Jazz,2000-01,53,29,2,3,N/A,4
UTA,Jazz,2001-02,44,38,1,3,N/A,8
UTA,Jazz,2002-03,47,35,1,4,N/A,7
UTA,Jazz,2003-04,42,40,0,0,N/A,9
UTA,Jazz,2004-05,26,56,0,0,N/A,14
UTA,Jazz,2005-06,41,41,0,0,N/A,9
UTA,Jazz,2006-07,51,31,9,8,N/A,4
UTA,Jazz,2007-08,54,28,6,6,N/A,4
UTA,Jazz,2008-09,48,34,1,4,N/A,8
UTA,Jazz,2009-10,53,29,4,6,N/A,5
UTA,Jazz,2010-11,39,43,0,0,N/A,11
UTA,Jazz,2011-12,36,30,0,4,N/A,8
UTA,Jazz,2012-13,43,39,0,0,N/A,9
UTA,Jazz,2013-14,25,57,0,0,N/A,15
UTA,Jazz,2014-15,38,44,0,0,N/A,11
UTA,Jazz,2015-16,40,42,0,0,N/A,9
UTA,Jazz,2016-17,51,31,4,7,N/A,5
UTA,Jazz,2017-18,48,34,5,6,N/A,5
UTA,Jazz,2018-19,50,32,1,4,N/A,5
UTA,Jazz,2019-20,44,28,3,4,N/A,6
UTA,Jazz,2020-21,52,20,6,5,N/A,1
UTA,Jazz,2021-22,49,33,2,4,N/A,5
UTA,Jazz,2022-23,37,45,0,0,N/A,12
UTA,Jazz,2023-24,31,51,0,0,N/A,12
UTA,Jazz,2024-25,17,65,0,0,N/A,15
UTA,Jazz,2025-26,9,15,0,0,N/A,12
MEM,Grizzlies,2000-01,23,59,0,0,N/A,13
MEM,Grizzlies,2001-02,23,59,0,0,N/A,13
MEM,Grizzlies,2002-03,28,54,0,0,N/A,12
MEM,Grizzlies,2003-04,50,32,0,4,N/A,6
MEM,Grizzlies,2004-05,45,37,0,4,N/A,8
MEM,Grizzlies,2005-06,49,33,0,4,N/A,5
MEM,Grizzlies,2006-07,22,60,0,0,N/A,15
MEM,Grizzlies,2007-08,22,60,0,0,N/A,14
MEM,Grizzlies,2008-09,24,58,0,0,N/A,12
MEM,Grizzlies,2009-10,40,42,0,0,N/A,10
MEM,Grizzlies,2010-11,46,36,7,6,N/A,8
MEM,Grizzlies,2011-12,41,25,3,4,N/A,4
MEM,Grizzlies,2012-13,56,26,8,7,N/A,5
MEM,Grizzlies,2013-14,50,32,3,4,N/A,7
MEM,Grizzlies,2014-15,55,27,6,5,N/A,5
MEM,Grizzlies,2015-16,42,40,0,4,N/A,7
MEM,Grizzlies,2016-17,43,39,2,4,N/A,7
MEM,Grizzlies,2017-18,22,60,0,0,N/A,14
MEM,Grizzlies,2018-19,33,49,0,0,N/A,12
MEM,Grizzlies,2019-20,34,39,0,0,N/A,9
MEM,Grizzlies,2020-21,38,34,1,4,N/A,8
MEM,Grizzlies,2021-22,56,26,6,6,N/A,2
MEM,Grizzlies,2022-23,51,31,2,4,N/A,2
MEM,Grizzlies,2023-24,27,55,0,0,N/A,13
MEM,Grizzlies,2024-25,48,34,0,4,N/A,8
MEM,Grizzlies,2025-26,11,14,0,0,N/A,9
WAS,Wizards,2000-01,19,63,0,0,N/A,14
WAS,Wizards,2001-02,37,45,0,0,N/A,10
WAS,Wizards,2002-03,37,45,0,0,N/A,9
WAS,Wizards,2003-04,25,57,0,0,N/A,13
WAS,Wizards,2004-05,45,37,4,6,N/A,5
WAS,Wizards,2005-06,42,40,2,4,N/A,5
WAS,Wizards,2006-07,41,41,0,4,N/A,7
WAS,Wizards,2007-08,43,39,2,4,N/A,5
WAS,Wizards,2008-09,19,63,0,0,N/A,15
WAS,Wizards,2009-10,26,56,0,0,N/A,14
WAS,Wizards,2010-11,23,59,0,0,N/A,13
WAS,Wizards,2011-12,20,46,0,0,N/A,14
WAS,Wizards,2012-13,29,53,0,0,N/A,12
WAS,Wizards,2013-14,44,38,6,5,N/A,5
WAS,Wizards,2014-15,46,36,6,4,N/A,5
WAS,Wizards,2015-16,41,41,0,0,N/A,10
WAS,Wizards,2016-17,49,33,7,6,N/A,4
WAS,Wizards,2017-18,43,39,2,4,N/A,8
WAS,Wizards,2018-19,32,50,0,0,N/A,11
WAS,Wizards,2019-20,25,47,0,0,N/A,9
WAS,Wizards,2020-21,34,38,1,4,N/A,8
WAS,Wizards,2021-22,35,47,0,0,N/A,12
WAS,Wizards,2022-23,35,47,0,0,N/A,12
WAS,Wizards,2023-24,15,67,0,0,N/A,14
WAS,Wizards,2024-25,18,64,0,0,N/A,15
WAS,Wizards,2025-26,4,20,0,0,N/A,15
DET,Pistons,2000-01,32,50,0,0,N/A,10
DET,Pistons,2001-02,50,32,4,6,N/A,2
DET,Pistons,2002-03,50,32,8,9,N/A,1
DET,Pistons,2003-04,54,28,16,7,LEAGUE CHAMPION,3
DET,Pistons,2004-05,54,28,15,10,FINALS APPEARANCE,2
DET,Pistons,2005-06,64,18,10,8,N/A,1
DET,Pistons,2006-07,53,29,10,6,N/A,1
DET,Pistons,2007-08,59,23,10,7,N/A,2
DET,Pistons,2008-09,39,43,0,4,N/A,8
DET,Pistons,2009-10,27,55,0,0,N/A,12
DET,Pistons,2010-11,30,52,0,0,N/A,11
DET,Pistons,2011-12,25,41,0,0,N/A,10
DET,Pistons,2012-13,29,53,0,0,N/A,11
DET,Pistons,2013-14,29,53,0,0,N/A,11
DET,Pistons,2014-15,32,50,0,0,N/A,12
DET,Pistons,2015-16,44,38,0,4,N/A,8
DET,Pistons,2016-17,37,45,0,0,N/A,10
DET,Pistons,2017-18,39,43,0,0,N/A,9
DET,Pistons,2018-19,41,41,0,4,N/A,8
DET,Pistons,2019-20,20,46,0,0,N/A,13
DET,Pistons,2020-21,20,52,0,0,N/A,15
DET,Pistons,2021-22,23,59,0,0,N/A,14
DET,Pistons,2022-23,17,65,0,0,N/A,15
DET,Pistons,2023-24,14,68,0,0,N/A,15
DET,Pistons,2024-25,44,38,2,4,N/A,6
DET,Pistons,2025-26,20,5,0,0,N/A,1
CHA,Hornets,2000-01,46,36,6,4,N/A,6
CHA,Hornets,2001-02,44,38,4,5,N/A,4
CHA,Bobcats,2004-05,18,64,0,0,N/A,14
CHA,Bobcats,2005-06,26,56,0,0,N/A,13
CHA,Bobcats,2006-07,33,49,0,0,N/A,11
CHA,Bobcats,2007-08,32,50,0,0,N/A,12
CHA,Bobcats,2008-09,35,47,0,0,N/A,10
CHA,Bobcats,2009-10,44,38,0,4,N/A,7
CHA,Bobcats,2010-11,34,48,0,0,N/A,10
CHA,Bobcats,2011-12,7,59,0,0,N/A,15
CHA,Bobcats,2012-13,21,61,0,0,N/A,14
CHA,Bobcats,2013-14,43,39,0,4,N/A,7
CHA,Hornets,2014-15,33,49,0,0,N/A,11
CHA,Hornets,2015-16,48,34,3,4,N/A,6
CHA,Hornets,2016-17,36,46,0,0,N/A,11
CHA,Hornets,2017-18,36,46,0,0,N/A,10
CHA,Hornets,2018-19,39,43,0,0,N/A,9
CHA,Hornets,2019-20,23,42,0,0,N/A,10
CHA,Hornets,2020-21,33,39,0,0,N/A,10
CHA,Hornets,2021-22,43,39,0,0,N/A,10
CHA,Hornets,2022-23,27,55,0,0,N/A,14
CHA,Hornets,2023-24,21,61,0,0,N/A,13
CHA,Hornets,2024-25,19,63,0,0,N/A,14
CHA,Hornets,2025-26,8,18,0,0,N/A,12
